ID,DATE_ADDED,DATE_LAST_ACTIVE,EMAIL_ADDRESS,REGION,WORKLOAD
1,2017-07-26 19:23:56.404,2017-07-26 19:23:56.404,test67699@test.com,DEFAULT_REGION,DataGenerator
2,2017-07-26 19:23:56.404,2017-07-26 19:23:56.404,test19149@test.com,DEFAULT_REGION,DataGenerator
3,2017-07-26 19:23:56.404,2017-07-26 19:23:56.404,test90231@test.com,DEFAULT_REGION,DataGenerator
4,2017-07-26 19:23:56.404,2017-07-26 19:23:56.404,test68027@test.com,DEFAULT_REGION,DataGenerator
5,2017-07-26 19:23:56.404,2017-07-26 19:23:56.404,test66993@test.com,DEFAULT_REGION,DataGenerator
6,2017-07-26 19:23:56.404,2017-07-26 19:23:56.404,test25183@test.com,DEFAULT_REGION,DataGenerator
7,2017-07-26 19:23:56.404,2017-07-26 19:23:56.404,test33910@test.com,DEFAULT_REGION,DataGenerator
8,2017-07-26 19:23:56.404,2017-07-26 19:23:56.404,test38531@test.com,DEFAULT_REGION,DataGenerator
9,2017-07-26 19:23:56.404,2017-07-26 19:23:56.404,test51237@test.com,DEFAULT_REGION,DataGenerator
10,2017-07-26 19:23:56.404,2017-07-26 19:23:56.404,test72435@test.com,DEFAULT_REGION,DataGenerator
11,2017-07-26 19:23:56.404,2017-07-26 19:23:56.404,test45692@test.com,DEFAULT_REGION,DataGenerator
12,2017-07-26 19:23:56.404,2017-07-26 19:23:56.404,test2494@test.com,DEFAULT_REGION,DataGenerator
13,2017-07-26 19:23:56.404,2017-07-26 19:23:56.404,test32242@test.com,DEFAULT_REGION,DataGenerator
14,2017-07-26 19:23:56.404,2017-07-26 19:23:56.404,test96540@test.com,DEFAULT_REGION,DataGenerator
15,2017-07-26 19:23:56.404,2017-07-26 19:23:56.404,test5667@test.com,DEFAULT_REGION,DataGenerator
16,2017-07-26 19:23:56.404,2017-07-26 19:23:56.404,test8025@test.com,DEFAULT_REGION,DataGenerator
17,2017-07-26 19:23:56.404,2017-07-26 19:23:56.404,test95087@test.com,DEFAULT_REGION,DataGenerator
18,2017-07-26 19:23:56.404,2017-07-26 19:23:56.404,test542@test.com,DEFAULT_REGION,DataGenerator
19,2017-07-26 19:23:56.404,2017-07-26 19:23:56.404,test65521@test.com,DEFAULT_REGION,DataGenerator
20,2017-07-26 19:23:56.404,2017-07-26 19:23:56.404,test92569@test.com,DEFAULT_REGION,DataGenerator
21,2017-07-26 19:23:56.404,2017-07-26 19:23:56.404,test25320@test.com,DEFAULT_REGION,DataGenerator
22,2017-07-26 19:23:56.404,2017-07-26 19:23:56.404,test28862@test.com,DEFAULT_REGION,DataGenerator
23,2017-07-26 19:23:56.404,2017-07-26 19:23:56.404,test95658@test.com,DEFAULT_REGION,DataGenerator
24,2017-07-26 19:23:56.404,2017-07-26 19:23:56.404,test89879@test.com,DEFAULT_REGION,DataGenerator
25,2017-07-26 19:23:56.404,2017-07-26 19:23:56.404,test82418@test.com,DEFAULT_REGION,DataGenerator
26,2017-07-26 19:23:56.404,2017-07-26 19:23:56.404,test42835@test.com,DEFAULT_REGION,DataGenerator
27,2017-07-26 19:23:56.404,2017-07-26 19:23:56.404,test81526@test.com,DEFAULT_REGION,DataGenerator
28,2017-07-26 19:23:56.404,2017-07-26 19:23:56.404,test79621@test.com,DEFAULT_REGION,DataGenerator
29,2017-07-26 19:23:56.404,2017-07-26 19:23:56.404,test96905@test.com,DEFAULT_REGION,DataGenerator
30,2017-07-26 19:23:56.404,2017-07-26 19:23:56.404,test59064@test.com,DEFAULT_REGION,DataGenerator
31,2017-07-26 19:23:56.404,2017-07-26 19:23:56.404,test96298@test.com,DEFAULT_REGION,DataGenerator
32,2017-07-26 19:23:56.404,2017-07-26 19:23:56.404,test12847@test.com,DEFAULT_REGION,DataGenerator
33,2017-07-26 19:23:56.404,2017-07-26 19:23:56.404,test34440@test.com,DEFAULT_REGION,DataGenerator
34,2017-07-26 19:23:56.404,2017-07-26 19:23:56.404,test86243@test.com,DEFAULT_REGION,DataGenerator
35,2017-07-26 19:23:56.404,2017-07-26 19:23:56.404,test94422@test.com,DEFAULT_REGION,DataGenerator
36,2017-07-26 19:23:56.404,2017-07-26 19:23:56.404,test42557@test.com,DEFAULT_REGION,DataGenerator
37,2017-07-26 19:23:56.404,2017-07-26 19:23:56.404,test58851@test.com,DEFAULT_REGION,DataGenerator
38,2017-07-26 19:23:56.404,2017-07-26 19:23:56.404,test7375@test.com,DEFAULT_REGION,DataGenerator
39,2017-07-26 19:23:56.404,2017-07-26 19:23:56.404,test43466@test.com,DEFAULT_REGION,DataGenerator
40,2017-07-26 19:23:56.404,2017-07-26 19:23:56.404,test65589@test.com,DEFAULT_REGION,DataGenerator
41,2017-07-26 19:23:56.404,2017-07-26 19:23:56.404,test42436@test.com,DEFAULT_REGION,DataGenerator
42,2017-07-26 19:23:56.404,2017-07-26 19:23:56.404,test68278@test.com,DEFAULT_REGION,DataGenerator
43,2017-07-26 19:23:56.404,2017-07-26 19:23:56.404,test82694@test.com,DEFAULT_REGION,DataGenerator
44,2017-07-26 19:23:56.404,2017-07-26 19:23:56.404,test8349@test.com,DEFAULT_REGION,DataGenerator
45,2017-07-26 19:23:56.404,2017-07-26 19:23:56.404,test49921@test.com,DEFAULT_REGION,DataGenerator
46,2017-07-26 19:23:56.404,2017-07-26 19:23:56.404,test94107@test.com,DEFAULT_REGION,DataGenerator
47,2017-07-26 19:23:56.404,2017-07-26 19:23:56.404,test14876@test.com,DEFAULT_REGION,DataGenerator
48,2017-07-26 19:23:56.404,2017-07-26 19:23:56.404,test40638@test.com,DEFAULT_REGION,DataGenerator
49,2017-07-26 19:23:56.404,2017-07-26 19:23:56.404,test23927@test.com,DEFAULT_REGION,DataGenerator
50,2017-07-26 19:23:56.404,2017-07-26 19:23:56.404,test64227@test.com,DEFAULT_REGION,DataGenerator
51,2017-07-26 19:23:56.404,2017-07-26 19:23:56.404,test59940@test.com,DEFAULT_REGION,DataGenerator
52,2017-07-26 19:23:56.404,2017-07-26 19:23:56.404,test35492@test.com,DEFAULT_REGION,DataGenerator
53,2017-07-26 19:23:56.404,2017-07-26 19:23:56.404,test67045@test.com,DEFAULT_REGION,DataGenerator
54,2017-07-26 19:23:56.404,2017-07-26 19:23:56.404,test81987@test.com,DEFAULT_REGION,DataGenerator
55,2017-07-26 19:23:56.404,2017-07-26 19:23:56.404,test74844@test.com,DEFAULT_REGION,DataGenerator
56,2017-07-26 19:23:56.404,2017-07-26 19:23:56.404,test5441@test.com,DEFAULT_REGION,DataGenerator
57,2017-07-26 19:23:56.404,2017-07-26 19:23:56.404,test14119@test.com,DEFAULT_REGION,DataGenerator
58,2017-07-26 19:23:56.404,2017-07-26 19:23:56.404,test533@test.com,DEFAULT_REGION,DataGenerator
59,2017-07-26 19:23:56.404,2017-07-26 19:23:56.404,test1434@test.com,DEFAULT_REGION,DataGenerator
60,2017-07-26 19:23:56.404,2017-07-26 19:23:56.404,test33778@test.com,DEFAULT_REGION,DataGenerator
61,2017-07-26 19:23:56.404,2017-07-26 19:23:56.404,test48844@test.com,DEFAULT_REGION,DataGenerator
62,2017-07-26 19:23:56.404,2017-07-26 19:23:56.404,test85124@test.com,DEFAULT_REGION,DataGenerator
63,2017-07-26 19:23:56.404,2017-07-26 19:23:56.404,test66992@test.com,DEFAULT_REGION,DataGenerator
64,2017-07-26 19:23:56.404,2017-07-26 19:23:56.404,test6554@test.com,DEFAULT_REGION,DataGenerator
65,2017-07-26 19:23:56.404,2017-07-26 19:23:56.404,test12407@test.com,DEFAULT_REGION,DataGenerator
66,2017-07-26 19:23:56.404,2017-07-26 19:23:56.404,test38887@test.com,DEFAULT_REGION,DataGenerator
67,2017-07-26 19:23:56.404,2017-07-26 19:23:56.404,test23834@test.com,DEFAULT_REGION,DataGenerator
68,2017-07-26 19:23:56.404,2017-07-26 19:23:56.404,test71338@test.com,DEFAULT_REGION,DataGenerator
69,2017-07-26 19:23:56.404,2017-07-26 19:23:56.404,test91375@test.com,DEFAULT_REGION,DataGenerator
70,2017-07-26 19:23:56.404,2017-07-26 19:23:56.404,test36267@test.com,DEFAULT_REGION,DataGenerator
71,2017-07-26 19:23:56.404,2017-07-26 19:23:56.404,test36582@test.com,DEFAULT_REGION,DataGenerator
72,2017-07-26 19:23:56.404,2017-07-26 19:23:56.404,test8962@test.com,DEFAULT_REGION,DataGenerator
73,2017-07-26 19:23:56.404,2017-07-26 19:23:56.404,test33603@test.com,DEFAULT_REGION,DataGenerator
74,2017-07-26 19:23:56.404,2017-07-26 19:23:56.404,test83560@test.com,DEFAULT_REGION,DataGenerator
75,2017-07-26 19:23:56.404,2017-07-26 19:23:56.404,test3361@test.com,DEFAULT_REGION,DataGenerator
76,2017-07-26 19:23:56.404,2017-07-26 19:23:56.404,test95056@test.com,DEFAULT_REGION,DataGenerator
77,2017-07-26 19:23:56.404,2017-07-26 19:23:56.404,test89726@test.com,DEFAULT_REGION,DataGenerator
78,2017-07-26 19:23:56.404,2017-07-26 19:23:56.404,test52853@test.com,DEFAULT_REGION,DataGenerator
79,2017-07-26 19:23:56.404,2017-07-26 19:23:56.404,test31290@test.com,DEFAULT_REGION,DataGenerator
80,2017-07-26 19:23:56.404,2017-07-26 19:23:56.404,test95383@test.com,DEFAULT_REGION,DataGenerator
81,2017-07-26 19:23:56.404,2017-07-26 19:23:56.404,test83778@test.com,DEFAULT_REGION,DataGenerator
82,2017-07-26 19:23:56.404,2017-07-26 19:23:56.404,test3000@test.com,DEFAULT_REGION,DataGenerator
83,2017-07-26 19:23:56.404,2017-07-26 19:23:56.404,test42869@test.com,DEFAULT_REGION,DataGenerator
84,2017-07-26 19:23:56.404,2017-07-26 19:23:56.404,test82860@test.com,DEFAULT_REGION,DataGenerator
85,2017-07-26 19:23:56.404,2017-07-26 19:23:56.404,test69668@test.com,DEFAULT_REGION,DataGenerator
86,2017-07-26 19:23:56.404,2017-07-26 19:23:56.404,test61622@test.com,DEFAULT_REGION,DataGenerator
87,2017-07-26 19:23:56.404,2017-07-26 19:23:56.404,test29135@test.com,DEFAULT_REGION,DataGenerator
88,2017-07-26 19:23:56.404,2017-07-26 19:23:56.404,test40410@test.com,DEFAULT_REGION,DataGenerator
89,2017-07-26 19:23:56.404,2017-07-26 19:23:56.404,test50116@test.com,DEFAULT_REGION,DataGenerator
90,2017-07-26 19:23:56.404,2017-07-26 19:23:56.404,test96904@test.com,DEFAULT_REGION,DataGenerator
91,2017-07-26 19:23:56.404,2017-07-26 19:23:56.404,test42665@test.com,DEFAULT_REGION,DataGenerator
92,2017-07-26 19:23:56.404,2017-07-26 19:23:56.404,test10661@test.com,DEFAULT_REGION,DataGenerator
93,2017-07-26 19:23:56.404,2017-07-26 19:23:56.404,test75848@test.com,DEFAULT_REGION,DataGenerator
94,2017-07-26 19:23:56.404,2017-07-26 19:23:56.404,test73486@test.com,DEFAULT_REGION,DataGenerator
95,2017-07-26 19:23:56.404,2017-07-26 19:23:56.404,test39891@test.com,DEFAULT_REGION,DataGenerator
96,2017-07-26 19:23:56.404,2017-07-26 19:23:56.404,test47979@test.com,DEFAULT_REGION,DataGenerator
97,2017-07-26 19:23:56.404,2017-07-26 19:23:56.404,test27220@test.com,DEFAULT_REGION,DataGenerator
98,2017-07-26 19:23:56.404,2017-07-26 19:23:56.404,test99998@test.com,DEFAULT_REGION,DataGenerator
99,2017-07-26 19:23:56.404,2017-07-26 19:23:56.404,test76054@test.com,DEFAULT_REGION,DataGenerator
100,2017-07-26 19:23:56.404,2017-07-26 19:23:56.404,test66151@test.com,DEFAULT_REGION,DataGenerator
